{
  "混合负载-创建订单" : {
    "transaction" : "混合负载-创建订单",
    "sampleCount" : 2,
    "errorCount" : 2,
    "errorPct" : 100.0,
    "meanResTime" : 8.5,
    "medianResTime" : 8.5,
    "minResTime" : 6.0,
    "maxResTime" : 11.0,
    "pct1ResTime" : 11.0,
    "pct2ResTime" : 11.0,
    "pct3ResTime" : 11.0,
    "throughput" : 0.11769552168539987,
    "receivedKBytesPerSec" : 0.0409175837109398,
    "sentKBytesPerSec" : 0.0512044481551227
  },
  "Total" : {
    "transaction" : "Total",
    "sampleCount" : 18,
    "errorCount" : 8,
    "errorPct" : 44.444443,
    "meanResTime" : 15.88888888888889,
    "medianResTime" : 10.0,
    "minResTime" : 4.0,
    "maxResTime" : 74.0,
    "pct1ResTime" : 61.40000000000002,
    "pct2ResTime" : 74.0,
    "pct3ResTime" : 74.0,
    "throughput" : 0.15302609094850672,
    "receivedKBytesPerSec" : 0.5842006804347641,
    "sentKBytesPerSec" : 0.03579907249185987
  },
  "混合负载-查看菜品" : {
    "transaction" : "混合负载-查看菜品",
    "sampleCount" : 4,
    "errorCount" : 3,
    "errorPct" : 75.0,
    "meanResTime" : 9.5,
    "medianResTime" : 8.0,
    "minResTime" : 8.0,
    "maxResTime" : 14.0,
    "pct1ResTime" : 14.0,
    "pct2ResTime" : 14.0,
    "pct3ResTime" : 14.0,
    "throughput" : 0.03813191736813506,
    "receivedKBytesPerSec" : 0.01084562591159115,
    "sentKBytesPerSec" : 0.007820022116512074
  },
  "混合负载-浏览商家" : {
    "transaction" : "混合负载-浏览商家",
    "sampleCount" : 9,
    "errorCount" : 0,
    "errorPct" : 0.0,
    "meanResTime" : 17.88888888888889,
    "medianResTime" : 11.0,
    "minResTime" : 6.0,
    "maxResTime" : 74.0,
    "pct1ResTime" : 74.0,
    "pct2ResTime" : 74.0,
    "pct3ResTime" : 74.0,
    "throughput" : 0.07651304547425336,
    "receivedKBytesPerSec" : 0.5602488427401873,
    "sentKBytesPerSec" : 0.014645075110306308
  },
  "混合负载-购物车操作" : {
    "transaction" : "混合负载-购物车操作",
    "sampleCount" : 3,
    "errorCount" : 3,
    "errorPct" : 100.0,
    "meanResTime" : 23.333333333333336,
    "medianResTime" : 6.0,
    "minResTime" : 4.0,
    "maxResTime" : 60.0,
    "pct1ResTime" : 60.0,
    "pct2ResTime" : 60.0,
    "pct3ResTime" : 60.0,
    "throughput" : 0.033538664490379996,
    "receivedKBytesPerSec" : 0.011004874285905936,
    "sentKBytesPerSec" : 0.008919625289270981
  }
}